0,CalibrationCube000000.jpg,1558958169.16
1,CalibrationCube000001.jpg,1558958258.97
2,CalibrationCube000002.jpg,1558958287.99
3,CalibrationCube000003.jpg,1558958317.55
4,CalibrationCube000004.jpg,1558958344.55
5,CalibrationCube000005.jpg,1558958371.75
6,CalibrationCube000006.jpg,1558958393.95
7,CalibrationCube000007.jpg,1558958415.95
8,CalibrationCube000008.jpg,1558958437.95
9,CalibrationCube000009.jpg,1558958460.11
10,CalibrationCube000010.jpg,1558958482.14
11,CalibrationCube000011.jpg,1558958504.53
12,CalibrationCube000012.jpg,1558958526.93
13,CalibrationCube000013.jpg,1558958549.53
14,CalibrationCube000014.jpg,1558958571.73
15,CalibrationCube000015.jpg,1558958594.13
16,CalibrationCube000016.jpg,1558958616.52
17,CalibrationCube000017.jpg,1558958638.52
18,CalibrationCube000018.jpg,1558958666.92
19,CalibrationCube000019.jpg,1558958692.51
20,CalibrationCube000020.jpg,1558958718.31
21,CalibrationCube000021.jpg,1558958743.91
22,CalibrationCube000022.jpg,1558958769.51
23,CalibrationCube000023.jpg,1558958795.51
24,CalibrationCube000024.jpg,1558958819.7
25,CalibrationCube000025.jpg,1558958843.1
26,CalibrationCube000026.jpg,1558958866.9
27,CalibrationCube000027.jpg,1558958890.3
28,CalibrationCube000028.jpg,1558958913.69
29,CalibrationCube000029.jpg,1558958936.69
30,CalibrationCube000030.jpg,1558958960.29
31,CalibrationCube000031.jpg,1558958983.69
32,CalibrationCube000032.jpg,1558959006.89
33,CalibrationCube000033.jpg,1558959030.48
34,CalibrationCube000034.jpg,1558959053.68
35,CalibrationCube000035.jpg,1558959077.28
36,CalibrationCube000036.jpg,1558959100.08
37,CalibrationCube000037.jpg,1558959123.28
38,CalibrationCube000038.jpg,1558959145.67
39,CalibrationCube000039.jpg,1558959168.27
40,CalibrationCube000040.jpg,1558959190.87
41,CalibrationCube000041.jpg,1558959213.67
42,CalibrationCube000042.jpg,1558959236.86
43,CalibrationCube000043.jpg,1558959260.03
44,CalibrationCube000044.jpg,1558959283.48
45,CalibrationCube000045.jpg,1558959306.86
46,CalibrationCube000046.jpg,1558959330.05
47,CalibrationCube000047.jpg,1558959353.45
48,CalibrationCube000048.jpg,1558959376.25
49,CalibrationCube000049.jpg,1558959399.25
50,CalibrationCube000050.jpg,1558959422.56
51,CalibrationCube000051.jpg,1558959445.65
52,CalibrationCube000052.jpg,1558959468.64
53,CalibrationCube000053.jpg,1558959491.84
54,CalibrationCube000054.jpg,1558959515.04
55,CalibrationCube000055.jpg,1558959538.24
56,CalibrationCube000056.jpg,1558959561.23
57,CalibrationCube000057.jpg,1558959583.63
58,CalibrationCube000058.jpg,1558959605.8
59,CalibrationCube000059.jpg,1558959628.22
60,CalibrationCube000060.jpg,1558959650.62
61,CalibrationCube000061.jpg,1558959673.42
62,CalibrationCube000062.jpg,1558959695.79
63,CalibrationCube000063.jpg,1558959718.42
64,CalibrationCube000064.jpg,1558959741.02
65,CalibrationCube000065.jpg,1558959763.82
66,CalibrationCube000066.jpg,1558959786.38
67,CalibrationCube000067.jpg,1558959809.82
68,CalibrationCube000068.jpg,1558959833.2
69,CalibrationCube000069.jpg,1558959856.8
70,CalibrationCube000070.jpg,1558959880.6
71,CalibrationCube000071.jpg,1558959904.4
72,CalibrationCube000072.jpg,1558959928.17
73,CalibrationCube000073.jpg,1558959952.0
74,CalibrationCube000074.jpg,1558959975.99
75,CalibrationCube000075.jpg,1558959999.79
76,CalibrationCube000076.jpg,1558960023.99
77,CalibrationCube000077.jpg,1558960048.18
78,CalibrationCube000078.jpg,1558960072.41
79,CalibrationCube000079.jpg,1558960096.58
80,CalibrationCube000080.jpg,1558960120.97
81,CalibrationCube000081.jpg,1558960144.98
82,CalibrationCube000082.jpg,1558960169.98
83,CalibrationCube000083.jpg,1558960194.57
84,CalibrationCube000084.jpg,1558960219.57
85,CalibrationCube000085.jpg,1558960244.17
86,CalibrationCube000086.jpg,1558960269.36
87,CalibrationCube000087.jpg,1558960293.96
88,CalibrationCube000088.jpg,1558960318.16
89,CalibrationCube000089.jpg,1558960342.73
90,CalibrationCube000090.jpg,1558960366.96
91,CalibrationCube000091.jpg,1558960391.35
92,CalibrationCube000092.jpg,1558960414.95
93,CalibrationCube000093.jpg,1558960438.34
94,CalibrationCube000094.jpg,1558960462.54
95,CalibrationCube000095.jpg,1558960486.34
96,CalibrationCube000096.jpg,1558960510.75
97,CalibrationCube000097.jpg,1558960534.15
98,CalibrationCube000098.jpg,1558960558.13
99,CalibrationCube000099.jpg,1558960581.33
100,CalibrationCube000100.jpg,1558960605.53
101,CalibrationCube000101.jpg,1558960629.33
102,CalibrationCube000102.jpg,1558960652.93
103,CalibrationCube000103.jpg,1558960676.32
104,CalibrationCube000104.jpg,1558960699.93
105,CalibrationCube000105.jpg,1558960722.95
106,CalibrationCube000106.jpg,1558960745.92
107,CalibrationCube000107.jpg,1558960772.72
108,CalibrationCube000108.jpg,1558960799.11
109,CalibrationCube000109.jpg,1558960824.51
110,CalibrationCube000110.jpg,1558960850.08
111,CalibrationCube000111.jpg,1558960876.11
112,CalibrationCube000112.jpg,1558960898.91
113,CalibrationCube000113.jpg,1558960921.3
114,CalibrationCube000114.jpg,1558960965.9
115,CalibrationCube000115.jpg,1558960994.89
116,CalibrationCube000116.jpg,1558961023.9
117,CalibrationCube000117.jpg,1558961052.69
118,CalibrationCube000118.jpg,1558961081.49
119,CalibrationCube000119.jpg,1558961111.09
120,CalibrationCube000120.jpg,1558961140.08
121,CalibrationCube000121.jpg,1558961164.48
122,CalibrationCube000122.jpg,1558961189.08
123,CalibrationCube000123.jpg,1558961213.67
124,CalibrationCube000124.jpg,1558961238.24
125,CalibrationCube000125.jpg,1558961262.71
126,CalibrationCube000126.jpg,1558961287.07
127,CalibrationCube000127.jpg,1558961332.66
128,CalibrationCube000128.jpg,1558961362.46
129,CalibrationCube000129.jpg,1558961392.66
130,CalibrationCube000130.jpg,1558961421.85
131,CalibrationCube000131.jpg,1558961452.25
132,CalibrationCube000132.jpg,1558961481.45
