0,CalibrationCube000000.jpg,1557932976.54
1,CalibrationCube000001.jpg,1557933066.32
2,CalibrationCube000002.jpg,1557933095.32
3,CalibrationCube000003.jpg,1557933124.72
4,CalibrationCube000004.jpg,1557933151.72
5,CalibrationCube000005.jpg,1557933178.72
6,CalibrationCube000006.jpg,1557933200.91
7,CalibrationCube000007.jpg,1557933222.91
8,CalibrationCube000008.jpg,1557933245.1
9,CalibrationCube000009.jpg,1557933267.3
10,CalibrationCube000010.jpg,1557933289.5
11,CalibrationCube000011.jpg,1557933311.9
12,CalibrationCube000012.jpg,1557933334.1
13,CalibrationCube000013.jpg,1557933356.69
14,CalibrationCube000014.jpg,1557933378.89
15,CalibrationCube000015.jpg,1557933401.29
16,CalibrationCube000016.jpg,1557933423.7
17,CalibrationCube000017.jpg,1557933445.69
18,CalibrationCube000018.jpg,1557933474.08
19,CalibrationCube000019.jpg,1557933499.68
20,CalibrationCube000020.jpg,1557933525.48
21,CalibrationCube000021.jpg,1557933550.88
22,CalibrationCube000022.jpg,1557933576.47
23,CalibrationCube000023.jpg,1557933602.27
24,CalibrationCube000024.jpg,1557933626.47
25,CalibrationCube000025.jpg,1557933649.87
26,CalibrationCube000026.jpg,1557933673.47
27,CalibrationCube000027.jpg,1557933696.86
28,CalibrationCube000028.jpg,1557933720.26
29,CalibrationCube000029.jpg,1557933743.26
30,CalibrationCube000030.jpg,1557933766.85
31,CalibrationCube000031.jpg,1557933790.25
32,CalibrationCube000032.jpg,1557933813.45
33,CalibrationCube000033.jpg,1557933837.05
34,CalibrationCube000034.jpg,1557933860.05
35,CalibrationCube000035.jpg,1557933883.66
36,CalibrationCube000036.jpg,1557933906.44
37,CalibrationCube000037.jpg,1557933929.44
38,CalibrationCube000038.jpg,1557933951.64
39,CalibrationCube000039.jpg,1557933974.24
40,CalibrationCube000040.jpg,1557933996.83
41,CalibrationCube000041.jpg,1557934019.63
42,CalibrationCube000042.jpg,1557934042.83
43,CalibrationCube000043.jpg,1557934066.03
44,CalibrationCube000044.jpg,1557934089.42
45,CalibrationCube000045.jpg,1557934112.79
46,CalibrationCube000046.jpg,1557934136.02
47,CalibrationCube000047.jpg,1557934159.22
48,CalibrationCube000048.jpg,1557934181.99
49,CalibrationCube000049.jpg,1557934205.01
50,CalibrationCube000050.jpg,1557934228.01
51,CalibrationCube000051.jpg,1557934251.01
52,CalibrationCube000052.jpg,1557934274.21
53,CalibrationCube000053.jpg,1557934297.4
54,CalibrationCube000054.jpg,1557934320.4
55,CalibrationCube000055.jpg,1557934343.4
56,CalibrationCube000056.jpg,1557934366.6
57,CalibrationCube000057.jpg,1557934388.99
58,CalibrationCube000058.jpg,1557934411.2
59,CalibrationCube000059.jpg,1557934433.6
60,CalibrationCube000060.jpg,1557934455.99
61,CalibrationCube000061.jpg,1557934478.78
62,CalibrationCube000062.jpg,1557934501.38
63,CalibrationCube000063.jpg,1557934523.98
64,CalibrationCube000064.jpg,1557934546.58
65,CalibrationCube000065.jpg,1557934569.58
66,CalibrationCube000066.jpg,1557934592.18
67,CalibrationCube000067.jpg,1557934615.57
68,CalibrationCube000068.jpg,1557934638.97
69,CalibrationCube000069.jpg,1557934662.57
70,CalibrationCube000070.jpg,1557934686.37
71,CalibrationCube000071.jpg,1557934710.17
72,CalibrationCube000072.jpg,1557934733.77
73,CalibrationCube000073.jpg,1557934757.56
74,CalibrationCube000074.jpg,1557934781.56
75,CalibrationCube000075.jpg,1557934805.35
76,CalibrationCube000076.jpg,1557934829.55
77,CalibrationCube000077.jpg,1557934853.95
78,CalibrationCube000078.jpg,1557934878.35
79,CalibrationCube000079.jpg,1557934902.55
80,CalibrationCube000080.jpg,1557934926.94
81,CalibrationCube000081.jpg,1557934950.91
82,CalibrationCube000082.jpg,1557934975.94
83,CalibrationCube000083.jpg,1557935000.54
84,CalibrationCube000084.jpg,1557935025.53
85,CalibrationCube000085.jpg,1557935050.1
86,CalibrationCube000086.jpg,1557935075.33
87,CalibrationCube000087.jpg,1557935099.92
88,CalibrationCube000088.jpg,1557935124.12
89,CalibrationCube000089.jpg,1557935148.72
90,CalibrationCube000090.jpg,1557935172.92
91,CalibrationCube000091.jpg,1557935197.32
92,CalibrationCube000092.jpg,1557935220.89
93,CalibrationCube000093.jpg,1557935244.34
94,CalibrationCube000094.jpg,1557935268.71
95,CalibrationCube000095.jpg,1557935292.5
96,CalibrationCube000096.jpg,1557935316.91
97,CalibrationCube000097.jpg,1557935340.3
98,CalibrationCube000098.jpg,1557935364.3
99,CalibrationCube000099.jpg,1557935387.7
100,CalibrationCube000100.jpg,1557935411.9
101,CalibrationCube000101.jpg,1557935435.69
102,CalibrationCube000102.jpg,1557935459.29
103,CalibrationCube000103.jpg,1557935482.69
104,CalibrationCube000104.jpg,1557935506.09
105,CalibrationCube000105.jpg,1557935529.08
106,CalibrationCube000106.jpg,1557935551.88
107,CalibrationCube000107.jpg,1557935578.68
108,CalibrationCube000108.jpg,1557935605.08
109,CalibrationCube000109.jpg,1557935630.67
110,CalibrationCube000110.jpg,1557935656.28
111,CalibrationCube000111.jpg,1557935682.07
112,CalibrationCube000112.jpg,1557935704.87
113,CalibrationCube000113.jpg,1557935727.27
114,CalibrationCube000114.jpg,1557935771.67
115,CalibrationCube000115.jpg,1557935800.46
116,CalibrationCube000116.jpg,1557935829.46
117,CalibrationCube000117.jpg,1557935858.25
118,CalibrationCube000118.jpg,1557935887.25
119,CalibrationCube000119.jpg,1557935916.86
120,CalibrationCube000120.jpg,1557935946.05
121,CalibrationCube000121.jpg,1557935970.45
122,CalibrationCube000122.jpg,1557935995.24
123,CalibrationCube000123.jpg,1557936019.84
124,CalibrationCube000124.jpg,1557936044.41
125,CalibrationCube000125.jpg,1557936068.84
126,CalibrationCube000126.jpg,1557936093.03
127,CalibrationCube000127.jpg,1557936138.63
128,CalibrationCube000128.jpg,1557936168.22
129,CalibrationCube000129.jpg,1557936198.42
130,CalibrationCube000130.jpg,1557936227.82
131,CalibrationCube000131.jpg,1557936258.25
132,CalibrationCube000132.jpg,1557936287.59
