0,CalibrationCube000000.jpg,1557929030.52
1,CalibrationCube000001.jpg,1557929120.31
2,CalibrationCube000002.jpg,1557929149.31
3,CalibrationCube000003.jpg,1557929178.71
4,CalibrationCube000004.jpg,1557929205.7
5,CalibrationCube000005.jpg,1557929232.69
6,CalibrationCube000006.jpg,1557929255.09
7,CalibrationCube000007.jpg,1557929277.09
8,CalibrationCube000008.jpg,1557929299.29
9,CalibrationCube000009.jpg,1557929321.26
10,CalibrationCube000010.jpg,1557929343.29
11,CalibrationCube000011.jpg,1557929365.69
12,CalibrationCube000012.jpg,1557929388.08
13,CalibrationCube000013.jpg,1557929410.88
14,CalibrationCube000014.jpg,1557929433.08
15,CalibrationCube000015.jpg,1557929455.48
16,CalibrationCube000016.jpg,1557929477.85
17,CalibrationCube000017.jpg,1557929499.87
18,CalibrationCube000018.jpg,1557929528.07
19,CalibrationCube000019.jpg,1557929553.64
20,CalibrationCube000020.jpg,1557929579.27
21,CalibrationCube000021.jpg,1557929604.87
22,CalibrationCube000022.jpg,1557929630.46
23,CalibrationCube000023.jpg,1557929656.46
24,CalibrationCube000024.jpg,1557929680.65
25,CalibrationCube000025.jpg,1557929704.05
26,CalibrationCube000026.jpg,1557929727.65
27,CalibrationCube000027.jpg,1557929751.06
28,CalibrationCube000028.jpg,1557929774.47
29,CalibrationCube000029.jpg,1557929797.44
30,CalibrationCube000030.jpg,1557929821.1
31,CalibrationCube000031.jpg,1557929844.64
32,CalibrationCube000032.jpg,1557929867.84
33,CalibrationCube000033.jpg,1557929891.43
34,CalibrationCube000034.jpg,1557929914.43
35,CalibrationCube000035.jpg,1557929938.0
36,CalibrationCube000036.jpg,1557929960.63
37,CalibrationCube000037.jpg,1557929983.82
38,CalibrationCube000038.jpg,1557930006.02
39,CalibrationCube000039.jpg,1557930028.63
40,CalibrationCube000040.jpg,1557930051.22
41,CalibrationCube000041.jpg,1557930074.02
42,CalibrationCube000042.jpg,1557930097.22
43,CalibrationCube000043.jpg,1557930120.43
44,CalibrationCube000044.jpg,1557930144.01
45,CalibrationCube000045.jpg,1557930167.42
46,CalibrationCube000046.jpg,1557930190.62
47,CalibrationCube000047.jpg,1557930213.98
48,CalibrationCube000048.jpg,1557930237.0
49,CalibrationCube000049.jpg,1557930260.0
50,CalibrationCube000050.jpg,1557930283.0
51,CalibrationCube000051.jpg,1557930305.99
52,CalibrationCube000052.jpg,1557930329.0
53,CalibrationCube000053.jpg,1557930352.19
54,CalibrationCube000054.jpg,1557930375.16
55,CalibrationCube000055.jpg,1557930398.19
56,CalibrationCube000056.jpg,1557930421.18
57,CalibrationCube000057.jpg,1557930443.6
58,CalibrationCube000058.jpg,1557930465.78
59,CalibrationCube000059.jpg,1557930488.17
60,CalibrationCube000060.jpg,1557930510.78
61,CalibrationCube000061.jpg,1557930533.57
62,CalibrationCube000062.jpg,1557930556.14
63,CalibrationCube000063.jpg,1557930578.78
64,CalibrationCube000064.jpg,1557930601.36
65,CalibrationCube000065.jpg,1557930624.17
66,CalibrationCube000066.jpg,1557930646.73
67,CalibrationCube000067.jpg,1557930670.16
68,CalibrationCube000068.jpg,1557930693.56
69,CalibrationCube000069.jpg,1557930716.93
70,CalibrationCube000070.jpg,1557930740.72
71,CalibrationCube000071.jpg,1557930764.35
72,CalibrationCube000072.jpg,1557930787.92
73,CalibrationCube000073.jpg,1557930811.75
74,CalibrationCube000074.jpg,1557930835.75
75,CalibrationCube000075.jpg,1557930859.54
76,CalibrationCube000076.jpg,1557930883.76
77,CalibrationCube000077.jpg,1557930908.16
78,CalibrationCube000078.jpg,1557930932.33
79,CalibrationCube000079.jpg,1557930956.53
80,CalibrationCube000080.jpg,1557930980.94
81,CalibrationCube000081.jpg,1557931004.94
82,CalibrationCube000082.jpg,1557931029.93
83,CalibrationCube000083.jpg,1557931054.53
84,CalibrationCube000084.jpg,1557931079.51
85,CalibrationCube000085.jpg,1557931104.12
86,CalibrationCube000086.jpg,1557931129.32
87,CalibrationCube000087.jpg,1557931153.91
88,CalibrationCube000088.jpg,1557931178.13
89,CalibrationCube000089.jpg,1557931202.71
90,CalibrationCube000090.jpg,1557931226.93
91,CalibrationCube000091.jpg,1557931251.27
92,CalibrationCube000092.jpg,1557931274.9
93,CalibrationCube000093.jpg,1557931298.5
94,CalibrationCube000094.jpg,1557931322.69
95,CalibrationCube000095.jpg,1557931346.47
96,CalibrationCube000096.jpg,1557931370.69
97,CalibrationCube000097.jpg,1557931393.89
98,CalibrationCube000098.jpg,1557931417.89
99,CalibrationCube000099.jpg,1557931441.28
100,CalibrationCube000100.jpg,1557931465.49
101,CalibrationCube000101.jpg,1557931489.28
102,CalibrationCube000102.jpg,1557931512.85
103,CalibrationCube000103.jpg,1557931536.27
104,CalibrationCube000104.jpg,1557931559.67
105,CalibrationCube000105.jpg,1557931582.67
106,CalibrationCube000106.jpg,1557931605.47
107,CalibrationCube000107.jpg,1557931632.26
108,CalibrationCube000108.jpg,1557931658.86
109,CalibrationCube000109.jpg,1557931684.26
110,CalibrationCube000110.jpg,1557931709.86
111,CalibrationCube000111.jpg,1557931735.87
112,CalibrationCube000112.jpg,1557931758.66
113,CalibrationCube000113.jpg,1557931781.05
114,CalibrationCube000114.jpg,1557931825.65
115,CalibrationCube000115.jpg,1557931854.44
116,CalibrationCube000116.jpg,1557931883.44
117,CalibrationCube000117.jpg,1557931912.24
118,CalibrationCube000118.jpg,1557931941.03
119,CalibrationCube000119.jpg,1557931970.63
120,CalibrationCube000120.jpg,1557931999.84
121,CalibrationCube000121.jpg,1557932024.23
122,CalibrationCube000122.jpg,1557932048.83
123,CalibrationCube000123.jpg,1557932073.46
124,CalibrationCube000124.jpg,1557932098.02
125,CalibrationCube000125.jpg,1557932122.42
126,CalibrationCube000126.jpg,1557932146.61
127,CalibrationCube000127.jpg,1557932192.22
128,CalibrationCube000128.jpg,1557932222.01
129,CalibrationCube000129.jpg,1557932252.21
130,CalibrationCube000130.jpg,1557932281.61
131,CalibrationCube000131.jpg,1557932312.0
132,CalibrationCube000132.jpg,1557932341.2
