0,CalibrationCube000000.jpg,1559048418.23
1,CalibrationCube000001.jpg,1559048507.99
2,CalibrationCube000002.jpg,1559048537.02
3,CalibrationCube000003.jpg,1559048566.41
4,CalibrationCube000004.jpg,1559048593.41
5,CalibrationCube000005.jpg,1559048620.61
6,CalibrationCube000006.jpg,1559048642.81
7,CalibrationCube000007.jpg,1559048664.81
8,CalibrationCube000008.jpg,1559048686.8
9,CalibrationCube000009.jpg,1559048708.8
10,CalibrationCube000010.jpg,1559048730.79
11,CalibrationCube000011.jpg,1559048753.2
12,CalibrationCube000012.jpg,1559048775.62
13,CalibrationCube000013.jpg,1559048798.39
14,CalibrationCube000014.jpg,1559048820.58
15,CalibrationCube000015.jpg,1559048842.98
16,CalibrationCube000016.jpg,1559048865.38
17,CalibrationCube000017.jpg,1559048887.39
18,CalibrationCube000018.jpg,1559048915.58
19,CalibrationCube000019.jpg,1559048941.18
20,CalibrationCube000020.jpg,1559048966.77
21,CalibrationCube000021.jpg,1559048992.37
22,CalibrationCube000022.jpg,1559049017.77
23,CalibrationCube000023.jpg,1559049043.77
24,CalibrationCube000024.jpg,1559049067.97
25,CalibrationCube000025.jpg,1559049091.36
26,CalibrationCube000026.jpg,1559049115.04
27,CalibrationCube000027.jpg,1559049138.35
28,CalibrationCube000028.jpg,1559049161.75
29,CalibrationCube000029.jpg,1559049184.75
30,CalibrationCube000030.jpg,1559049208.35
31,CalibrationCube000031.jpg,1559049231.75
32,CalibrationCube000032.jpg,1559049254.92
33,CalibrationCube000033.jpg,1559049278.54
34,CalibrationCube000034.jpg,1559049301.74
35,CalibrationCube000035.jpg,1559049325.34
36,CalibrationCube000036.jpg,1559049348.14
37,CalibrationCube000037.jpg,1559049371.13
38,CalibrationCube000038.jpg,1559049393.33
39,CalibrationCube000039.jpg,1559049415.93
40,CalibrationCube000040.jpg,1559049438.53
41,CalibrationCube000041.jpg,1559049461.33
42,CalibrationCube000042.jpg,1559049484.52
43,CalibrationCube000043.jpg,1559049507.72
44,CalibrationCube000044.jpg,1559049531.12
45,CalibrationCube000045.jpg,1559049554.51
46,CalibrationCube000046.jpg,1559049577.68
47,CalibrationCube000047.jpg,1559049600.92
48,CalibrationCube000048.jpg,1559049623.71
49,CalibrationCube000049.jpg,1559049646.71
50,CalibrationCube000050.jpg,1559049669.71
51,CalibrationCube000051.jpg,1559049692.7
52,CalibrationCube000052.jpg,1559049715.7
53,CalibrationCube000053.jpg,1559049738.87
54,CalibrationCube000054.jpg,1559049761.9
55,CalibrationCube000055.jpg,1559049785.1
56,CalibrationCube000056.jpg,1559049808.1
57,CalibrationCube000057.jpg,1559049830.46
58,CalibrationCube000058.jpg,1559049852.69
59,CalibrationCube000059.jpg,1559049875.06
60,CalibrationCube000060.jpg,1559049897.48
61,CalibrationCube000061.jpg,1559049920.28
62,CalibrationCube000062.jpg,1559049942.68
63,CalibrationCube000063.jpg,1559049965.27
64,CalibrationCube000064.jpg,1559049987.87
65,CalibrationCube000065.jpg,1559050010.67
66,CalibrationCube000066.jpg,1559050033.07
67,CalibrationCube000067.jpg,1559050056.47
68,CalibrationCube000068.jpg,1559050079.87
69,CalibrationCube000069.jpg,1559050103.23
70,CalibrationCube000070.jpg,1559050127.06
71,CalibrationCube000071.jpg,1559050150.86
72,CalibrationCube000072.jpg,1559050174.45
73,CalibrationCube000073.jpg,1559050198.25
74,CalibrationCube000074.jpg,1559050222.25
75,CalibrationCube000075.jpg,1559050246.05
76,CalibrationCube000076.jpg,1559050270.25
77,CalibrationCube000077.jpg,1559050294.41
78,CalibrationCube000078.jpg,1559050318.64
79,CalibrationCube000079.jpg,1559050342.65
80,CalibrationCube000080.jpg,1559050367.23
81,CalibrationCube000081.jpg,1559050391.24
82,CalibrationCube000082.jpg,1559050416.43
83,CalibrationCube000083.jpg,1559050441.0
84,CalibrationCube000084.jpg,1559050466.03
85,CalibrationCube000085.jpg,1559050490.62
86,CalibrationCube000086.jpg,1559050515.79
87,CalibrationCube000087.jpg,1559050540.41
88,CalibrationCube000088.jpg,1559050564.62
89,CalibrationCube000089.jpg,1559050589.21
90,CalibrationCube000090.jpg,1559050613.42
91,CalibrationCube000091.jpg,1559050637.81
92,CalibrationCube000092.jpg,1559050661.41
93,CalibrationCube000093.jpg,1559050685.01
94,CalibrationCube000094.jpg,1559050709.4
95,CalibrationCube000095.jpg,1559050733.24
96,CalibrationCube000096.jpg,1559050757.6
97,CalibrationCube000097.jpg,1559050780.8
98,CalibrationCube000098.jpg,1559050804.79
99,CalibrationCube000099.jpg,1559050827.96
100,CalibrationCube000100.jpg,1559050852.19
101,CalibrationCube000101.jpg,1559050875.99
102,CalibrationCube000102.jpg,1559050899.56
103,CalibrationCube000103.jpg,1559050922.99
104,CalibrationCube000104.jpg,1559050946.38
105,CalibrationCube000105.jpg,1559050969.45
106,CalibrationCube000106.jpg,1559050992.37
107,CalibrationCube000107.jpg,1559051019.35
108,CalibrationCube000108.jpg,1559051045.74
109,CalibrationCube000109.jpg,1559051071.14
110,CalibrationCube000110.jpg,1559051096.77
111,CalibrationCube000111.jpg,1559051122.56
112,CalibrationCube000112.jpg,1559051145.36
113,CalibrationCube000113.jpg,1559051167.76
114,CalibrationCube000114.jpg,1559051212.16
115,CalibrationCube000115.jpg,1559051241.15
116,CalibrationCube000116.jpg,1559051270.12
117,CalibrationCube000117.jpg,1559051298.95
118,CalibrationCube000118.jpg,1559051327.75
119,CalibrationCube000119.jpg,1559051357.35
120,CalibrationCube000120.jpg,1559051386.54
121,CalibrationCube000121.jpg,1559051410.94
122,CalibrationCube000122.jpg,1559051435.53
123,CalibrationCube000123.jpg,1559051460.13
124,CalibrationCube000124.jpg,1559051484.7
125,CalibrationCube000125.jpg,1559051509.13
126,CalibrationCube000126.jpg,1559051533.32
127,CalibrationCube000127.jpg,1559051578.92
128,CalibrationCube000128.jpg,1559051608.72
129,CalibrationCube000129.jpg,1559051638.92
130,CalibrationCube000130.jpg,1559051668.31
131,CalibrationCube000131.jpg,1559051698.71
132,CalibrationCube000132.jpg,1559051727.91
